,auth_cd,auth_nm,sch_cd,sch_nm,lat,lon
17902,110,Edmonton Catholic Separate School District No. 7,1024,St. John Bosco,53.621776,-113.457471
18216,110,Edmonton Catholic Separate School District No. 7,1026,Archbishop Joseph MacNeil,53.459987,-113.577323
18418,110,Edmonton Catholic Separate School District No. 7,1027,St. Teresa of Calcutta Elementary School,53.55197,-113.474814
18590,110,Edmonton Catholic Separate School District No. 7,8001,Annunciation,53.530278,-113.606843
18710,110,Edmonton Catholic Separate School District No. 7,8003,Father Leo Green,53.607534,-113.456088
18981,110,Edmonton Catholic Separate School District No. 7,8010,Our Lady of Peace,53.5555,-113.595702
19060,110,Edmonton Catholic Separate School District No. 7,8011,Our Lady of Victories,53.515087,-113.594897
19148,110,Edmonton Catholic Separate School District No. 7,8013,St. Angela,53.595545,-113.549477
19424,110,Edmonton Catholic Separate School District No. 7,8016,St. Bernadette,53.572755,-113.402218
19498,110,Edmonton Catholic Separate School District No. 7,8018,St. Boniface,53.476699,-113.537413
19587,110,Edmonton Catholic Separate School District No. 7,8020,St. Dominic,53.606084,-113.432762
19806,110,Edmonton Catholic Separate School District No. 7,8022,St. Gerard,53.580642,-113.470634
19880,110,Edmonton Catholic Separate School District No. 7,8028,St. Martin,53.488963,-113.522947
19951,110,Edmonton Catholic Separate School District No. 7,8029,St. Matthew,53.591809,-113.474488
20176,110,Edmonton Catholic Separate School District No. 7,8032,St. Stanislaus,53.474326,-113.525925
20296,110,Edmonton Catholic Separate School District No. 7,8034,St. Vladimir Elementary School,53.592867,-113.456308
20418,110,Edmonton Catholic Separate School District No. 7,8036,St. Jerome,53.560974,-113.39302
20469,110,Edmonton Catholic Separate School District No. 7,8037,St. Philip,53.606488,-113.474749
20605,110,Edmonton Catholic Separate School District No. 7,8038,St. Augustine,53.473715,-113.505276
20735,110,Edmonton Catholic Separate School District No. 7,8039,St. Monica School,53.490675,-113.574555
20811,110,Edmonton Catholic Separate School District No. 7,8040,St. Justin,53.517525,-113.623211
20881,110,Edmonton Catholic Separate School District No. 7,8041,St. Elizabeth,53.468759,-113.451653
20976,110,Edmonton Catholic Separate School District No. 7,8042,St. Anne,53.604013,-113.485552
21049,110,Edmonton Catholic Separate School District No. 7,8043,Katherine Therrien,53.612001,-113.527216
21270,110,Edmonton Catholic Separate School District No. 7,8045,St. Timothy,53.605925,-113.523953
21380,110,Edmonton Catholic Separate School District No. 7,8047,St. Maria Goretti,53.585427,-113.407815
21462,110,Edmonton Catholic Separate School District No. 7,8048,Bishop Savaryn,53.62196,-113.508529
21606,110,Edmonton Catholic Separate School District No. 7,8049,Anne Fitzgerald,53.594395,-113.383735
21671,110,Edmonton Catholic Separate School District No. 7,8050,St. Martha,53.506332,-113.635041
21801,110,Edmonton Catholic Separate School District No. 7,8051,St. Teresa,53.456931,-113.52672
21986,110,Edmonton Catholic Separate School District No. 7,8053,John Paul I,53.472385,-113.425688
22061,110,Edmonton Catholic Separate School District No. 7,8054,St. Bonaventure,53.603301,-113.388714
22201,110,Edmonton Catholic Separate School District No. 7,8055,St. Lucy,53.622986,-113.526547
22331,110,Edmonton Catholic Separate School District No. 7,8056,St. Richard,53.44604,-113.427735
22422,110,Edmonton Catholic Separate School District No. 7,8057,St. Charles,53.632893,-113.503529
22552,110,Edmonton Catholic Separate School District No. 7,8058,Our Lady of The Prairies,53.499891,-113.625354
22684,110,Edmonton Catholic Separate School District No. 7,8059,Bishop Greschuk,53.635117,-113.480605
22834,110,Edmonton Catholic Separate School District No. 7,8060,Mary Hanley,53.462509,-113.400565
22990,110,Edmonton Catholic Separate School District No. 7,8061,Good Shepherd,53.491537,-113.635712
23307,110,Edmonton Catholic Separate School District No. 7,8202,Grandin School,53.53653,-113.5108
23447,110,Edmonton Catholic Separate School District No. 7,8203,Holy Cross,53.546765,-113.582383
23640,110,Edmonton Catholic Separate School District No. 7,8205,Our Lady of Mount Carmel,53.512779,-113.501554
23938,110,Edmonton Catholic Separate School District No. 7,8208,St. Alphonsus,53.568848,-113.465572
24064,110,Edmonton Catholic Separate School District No. 7,8210,St. Basil School,53.565868,-113.495864
24199,110,Edmonton Catholic Separate School District No. 7,8211,St. Brendan,53.529481,-113.424949
24277,110,Edmonton Catholic Separate School District No. 7,8212,St. Catherine,53.556211,-113.509455
24721,110,Edmonton Catholic Separate School District No. 7,8214,Ben Calf Robe - St. Clare,53.571369,-113.439514
24854,110,Edmonton Catholic Separate School District No. 7,8215,St. Edmund,53.590286,-113.52481
25112,110,Edmonton Catholic Separate School District No. 7,8216,St. Francis of Assisi,53.588196,-113.443826
25199,110,Edmonton Catholic Separate School District No. 7,8217,St. Gabriel,53.550827,-113.423479
25319,110,Edmonton Catholic Separate School District No. 7,8218,St. James,53.560974,-113.39302
25562,110,Edmonton Catholic Separate School District No. 7,8220,St. Leo,53.575379,-113.424894
25825,110,Edmonton Catholic Separate School District No. 7,8225,St. Paul,53.533065,-113.572001
25948,110,Edmonton Catholic Separate School District No. 7,8226,St. Pius X,53.577401,-113.54325
26277,110,Edmonton Catholic Separate School District No. 7,8229,St. Vincent,53.548463,-113.560616
26351,110,Edmonton Catholic Separate School District No. 7,8230,St. Elizabeth Seton,53.595452,-113.396818
26581,110,Edmonton Catholic Separate School District No. 7,8231,St. Clement,53.446074,-113.449686
26813,110,Edmonton Catholic Separate School District No. 7,8232,St. Benedict,53.526174,-113.633616
26952,110,Edmonton Catholic Separate School District No. 7,8234,Holy Family,53.446398,-113.402559
27178,110,Edmonton Catholic Separate School District No. 7,8236,Frere Antoine,53.459542,-113.44879
27370,110,Edmonton Catholic Separate School District No. 7,8237,St. Mary,53.475976,-113.584615
27542,110,Edmonton Catholic Separate School District No. 7,8238,St. Kateri Catholic School,53.476212,-113.400873
28917,110,Edmonton Catholic Separate School District No. 7,8410,J H Picard,53.507584,-113.485753
82494,3020,Edmonton School District No. 7,18,The Academy at King Edward,53.521400451660156,-113.48999786376953
82685,3020,Edmonton School District No. 7,1003,Jackson Heights Elementary,53.4833984375,-113.40899658203125
82807,3020,Edmonton School District No. 7,1004,George P. Nicholson School,53.44269943237305,-113.5250015258789
84119,3020,Edmonton School District No. 7,7055,Victoria School,53.5536003112793,-113.49600219726562
86681,3020,Edmonton School District No. 7,7100,Abbott School,53.574501037597656,-113.39299774169922
86783,3020,Edmonton School District No. 7,7104,Athlone School,53.5880012512207,-113.54499816894531
86898,3020,Edmonton School District No. 7,7106,Beacon Heights School,53.575401306152344,-113.41400146484375
86944,3020,Edmonton School District No. 7,7107,Belgravia School,53.5099983215332,-113.53199768066406
86984,3020,Edmonton School District No. 7,7109,Belvedere School,53.59510040283203,-113.43599700927734
87057,3020,Edmonton School District No. 7,7113,Calder School,53.5890007019043,-113.5260009765625
87134,3020,Edmonton School District No. 7,7114,Capilano School,53.57889938354492,-113.54100036621094
87217,3020,Edmonton School District No. 7,7115,Coronation School,53.55509948730469,-113.56099700927734
87273,3020,Edmonton School District No. 7,7118,Delton School,53.57590103149414,-113.47799682617188
87402,3020,Edmonton School District No. 7,7121,Dovercourt School,53.57379913330078,-113.56199645996094
87519,3020,Edmonton School District No. 7,7123,Forest Heights School,53.544700622558594,-113.4530029296875
87617,3020,Edmonton School District No. 7,7126,Glenora School,53.5442008972168,-113.55599975585938
87680,3020,Edmonton School District No. 7,7127,Gold Bar School,53.54949951171875,-113.41300201416016
87734,3020,Edmonton School District No. 7,7128,Grandview Heights School,53.4995002746582,-113.5469970703125
87838,3020,Edmonton School District No. 7,7129,Grovenor School,53.54499816894531,-113.56900024414062
87881,3020,Edmonton School District No. 7,7132,Hazeldean School,53.504600524902344,-113.47899627685547
87937,3020,Edmonton School District No. 7,7136,Inglewood School,53.566001892089844,-113.54000091552734
87991,3020,Edmonton School District No. 7,7137,Kensington School,53.59550094604492,-113.52799987792969
88131,3020,Edmonton School District No. 7,7138,Kildare School,53.60639953613281,-113.45800018310547
88346,3020,Edmonton School District No. 7,7141,Lauderdale School,53.58789825439453,-113.50299835205078
88424,3020,Edmonton School District No. 7,7143,McArthur School,53.59749984741211,-113.5510025024414
88488,3020,Edmonton School District No. 7,7146,Brookside School,53.49169921875,-113.56800079345703
88587,3020,Edmonton School District No. 7,7149,Mee-Yah-Noh School,53.587398529052734,-113.48400115966797
88662,3020,Edmonton School District No. 7,7150,Mill Creek School,53.51559829711914,-113.48100280761719
88717,3020,Edmonton School District No. 7,7151,Montrose School,53.572601318359375,-113.43599700927734
88780,3020,Edmonton School District No. 7,7153,Mount Royal School,53.56880187988281,-113.42500305175781
88836,3020,Edmonton School District No. 7,7155,North Edmonton School,53.60340118408203,-113.47699737548828
88922,3020,Edmonton School District No. 7,7156,Norwood School,53.560298919677734,-113.48799896240234
88995,3020,Edmonton School District No. 7,7161,Prince Charles School,53.57889938354492,-113.54100036621094
89117,3020,Edmonton School District No. 7,7164,Queen Alexandra School,53.51380157470703,-113.50399780273438
89167,3020,Edmonton School District No. 7,7168,Riverdale School,53.543399810791016,-113.46800231933594
89201,3020,Edmonton School District No. 7,7169,R J Scott School,53.59659957885742,-113.50399780273438
89253,3020,Edmonton School District No. 7,7170,Rutherford School,53.522499084472656,-113.46800231933594
89314,3020,Edmonton School District No. 7,7171,Scott Robertson School,53.59659957885742,-113.50399780273438
89378,3020,Edmonton School District No. 7,7175,Terrace Heights School,53.608699798583984,-113.43099975585938
89427,3020,Edmonton School District No. 7,7176,Patricia Heights School,53.51089859008789,-113.60299682617188
89518,3020,Edmonton School District No. 7,7177,Virginia Park School,53.56039810180664,-113.447998046875
89589,3020,Edmonton School District No. 7,7178,Greenfield School,53.47249984741211,-113.5270004272461
89784,3020,Edmonton School District No. 7,7180,Lansdowne School,53.487701416015625,-113.54499816894531
89847,3020,Edmonton School District No. 7,7182,Windsor Park School,53.52399826049805,-113.53500366210938
89907,3020,Edmonton School District No. 7,7183,Woodcroft School,53.51969909667969,-113.50199890136719
89957,3020,Edmonton School District No. 7,7184,Glengarry School,53.59629821777344,-113.48400115966797
90138,3020,Edmonton School District No. 7,7185,Lendrum School,53.4911003112793,-113.52300262451172
90204,3020,Edmonton School District No. 7,7186,Malmo School,53.485198974609375,-113.52999877929688
90271,3020,Edmonton School District No. 7,7187,Princeton School,53.589599609375,-113.45899963378906
90372,3020,Edmonton School District No. 7,7188,J A Fife School,53.61149978637695,-113.46099853515625
90472,3020,Edmonton School District No. 7,7189,Waverley School,53.523799896240234,-113.43299865722656
90558,3020,Edmonton School District No. 7,7191,Northmount School,53.60340118408203,-113.47699737548828
90660,3020,Edmonton School District No. 7,7192,Afton School,53.5265007019043,-113.61000061035156
90792,3020,Edmonton School District No. 7,7193,Clara Tyner School,53.53099822998047,-113.43499755859375
90843,3020,Edmonton School District No. 7,7194,Delwood School,53.59640121459961,-113.45500183105469
91076,3020,Edmonton School District No. 7,7195,McKee School,53.48780059814453,-113.50900268554688
91154,3020,Edmonton School District No. 7,7196,Rundle School,53.57889938354492,-113.54100036621094
91252,3020,Edmonton School District No. 7,7197,Westbrook School,53.47589874267578,-113.54000091552734
91428,3020,Edmonton School District No. 7,7198,York School,53.60150146484375,-113.43499755859375
91528,3020,Edmonton School District No. 7,7200,McLeod School,53.610801696777344,-113.43099975585938
91632,3020,Edmonton School District No. 7,7201,Richard Secord School,53.47700119018555,-113.53399658203125
91742,3020,Edmonton School District No. 7,7204,Elmwood School,53.51620101928711,-113.6050033569336
91936,3020,Edmonton School District No. 7,7205,Glendale School,53.536399841308594,-113.5999984741211
91999,3020,Edmonton School District No. 7,7206,High Park School,53.56039810180664,-113.447998046875
92048,3020,Edmonton School District No. 7,7207,James Gibbons School,53.522499084472656,-113.58399963378906
92101,3020,Edmonton School District No. 7,7208,Lynnwood School,53.5166015625,-113.58799743652344
92189,3020,Edmonton School District No. 7,7209,Mayfield School,53.55550003051758,-113.59500122070312
92258,3020,Edmonton School District No. 7,7210,Meadowlark School,53.5260009765625,-113.59500122070312
92374,3020,Edmonton School District No. 7,7211,Rio Terrace Elementary School,53.50849914550781,-113.58599853515625
92448,3020,Edmonton School District No. 7,7212,Sherwood School,53.532798767089844,-113.58399963378906
92507,3020,Edmonton School District No. 7,7213,Youngstown School,53.54570007324219,-113.60299682617188
92607,3020,Edmonton School District No. 7,7214,John Barnett School,53.61000061035156,-113.44999694824219
92670,3020,Edmonton School District No. 7,7215,Evansdale School,53.610599517822266,-113.48400115966797
92810,3020,Edmonton School District No. 7,7216,Thorncliffe School,53.5161018371582,-113.62200164794922
92902,3020,Edmonton School District No. 7,7218,Duggan School,53.4718017578125,-113.50599670410156
92973,3020,Edmonton School District No. 7,7220,Grace Martin School,53.46950149536133,-113.45700073242188
93083,3020,Edmonton School District No. 7,7223,Malcolm Tweddle School,53.47760009765625,-113.45700073242188
93190,3020,Edmonton School District No. 7,7224,Lee Ridge School,53.471099853515625,-113.44499969482422
93299,3020,Edmonton School District No. 7,7225,Caernarvon School,53.61040115356445,-113.5270004272461
93440,3020,Edmonton School District No. 7,7226,Brander Gardens School,53.49359893798828,-113.5770034790039
93507,3020,Edmonton School District No. 7,7228,Belmont School,53.593299865722656,-113.39299774169922
93633,3020,Edmonton School District No. 7,7229,Overlanders School,53.58190155029297,-113.38899993896484
93740,3020,Edmonton School District No. 7,7232,Rideau Park School,53.47819900512695,-113.50499725341797
93852,3020,Edmonton School District No. 7,7233,Ekota School,53.449100494384766,-113.44200134277344
93920,3020,Edmonton School District No. 7,7234,Aldergrove School,53.5181999206543,-113.63600158691406
94044,3020,Edmonton School District No. 7,7235,Satoo School,53.446800231933594,-113.46099853515625
94114,3020,Edmonton School District No. 7,7236,Belmead School,53.525699615478516,-113.63800048828125
94180,3020,Edmonton School District No. 7,7237,Callingwood Elementary School,53.50849914550781,-113.62300109863281
94266,3020,Edmonton School District No. 7,7238,Sifton School,53.59429931640625,-113.40799713134766
94351,3020,Edmonton School District No. 7,7239,Kameyosek School,53.460899353027344,-113.44200134277344
94417,3020,Edmonton School District No. 7,7240,Homesteader School,53.58720016479492,-113.41200256347656
94513,3020,Edmonton School District No. 7,7241,Steinhauer School,53.464298248291016,-113.50599670410156
94623,3020,Edmonton School District No. 7,7242,Lorelei School,53.624000549316406,-113.50199890136719
94774,3020,Edmonton School District No. 7,7243,Sweet Grass School,53.46329879760742,-113.52799987792969
94878,3020,Edmonton School District No. 7,7246,Dunluce School,53.62189865112305,-113.5270004272461
95013,3020,Edmonton School District No. 7,7247,Baturyn School,53.632999420166016,-113.50599670410156
95143,3020,Edmonton School District No. 7,7248,Ormsby School,53.498199462890625,-113.63800048828125
95245,3020,Edmonton School District No. 7,7249,Meyonohk School,53.455299377441406,-113.4540023803711
95395,3020,Edmonton School District No. 7,7250,Greenview School,53.474098205566406,-113.4280014038086
95557,3020,Edmonton School District No. 7,7251,Sakaw School,53.441001892089844,-113.4280014038086
95635,3020,Edmonton School District No. 7,7253,Bannerman School,53.605098724365234,-113.37899780273438
95744,3020,Edmonton School District No. 7,7254,Keheewin School,53.44929885864258,-113.50199890136719
95866,3020,Edmonton School District No. 7,7255,Hillview School,53.46780014038086,-113.4280014038086
95929,3020,Edmonton School District No. 7,7257,Meyokumin School,53.450199127197266,-113.4280014038086
96020,3020,Edmonton School District No. 7,7258,Pollard Meadows School,53.44889831542969,-113.41300201416016
96114,3020,Edmonton School District No. 7,7259,Menisa School,53.44279861450195,-113.4489974975586
96181,3020,Edmonton School District No. 7,7260,Centennial School,53.49359893798828,-113.625
96292,3020,Edmonton School District No. 7,7262,Kirkness School,53.61109924316406,-113.38800048828125
96406,3020,Edmonton School District No. 7,7263,Crawford Plains School,53.44089889526367,-113.40599822998047
96541,3020,Edmonton School District No. 7,7264,Daly Grove School,53.45000076293945,-113.4000015258789
96673,3020,Edmonton School District No. 7,7265,Weinlos School,53.46009826660156,-113.41600036621094
96799,3020,Edmonton School District No. 7,7267,LaPerle School,53.53310012817383,-113.64600372314453
96916,3020,Edmonton School District No. 7,7269,Lymburn School,53.50590133666992,-113.64600372314453
97065,3020,Edmonton School District No. 7,7270,Tipaskan School,53.46289825439453,-113.45899963378906
97152,3020,Edmonton School District No. 7,7271,Ellerslie Campus South,53.427799224853516,-113.44100189208984
97196,3020,Edmonton School District No. 7,7273,Fraser School,53.611900329589844,-113.37300109863281
97287,3020,Edmonton School District No. 7,7274,Minchau School,53.46770095825195,-113.40799713134766
97400,3020,Edmonton School District No. 7,7275,Julia Kiniski School,53.477500915527344,-113.40599822998047
97550,3020,Edmonton School District No. 7,7276,Bisset School,53.487300872802734,-113.6719970703125
97690,3020,Edmonton School District No. 7,7277,Lago Lindo School,53.63589859008789,-113.48699951171875
97807,3020,Edmonton School District No. 7,7278,Earl Buxton School,53.4739990234375,-113.58200073242188
97953,3020,Edmonton School District No. 7,7279,George H Luck School,53.473201751708984,-113.5719985961914
98079,3020,Edmonton School District No. 7,7280,Velma E. Baker School,53.48099899291992,-113.38500213623047
98211,3020,Edmonton School District No. 7,7281,Michael A Kostek Elementary School,53.48979949951172,-113.6510009765625
98442,3020,Edmonton School District No. 7,7501,Avonmore School,53.51190185546875,-113.4489974975586
98624,3020,Edmonton School District No. 7,7503,Crestwood School,53.5349006652832,-113.56999969482422
98768,3020,Edmonton School District No. 7,7504,Brightview School,53.54899978637695,-113.58799743652344
98862,3020,Edmonton School District No. 7,7505,Donnan School,53.514198303222656,-113.46099853515625
98976,3020,Edmonton School District No. 7,7507,Eastwood School,53.5349006652832,-113.56999969482422
99047,3020,Edmonton School District No. 7,7508,Fulton Place School,53.62689971923828,-113.4749984741211
99158,3020,Edmonton School District No. 7,7509,Garneau School,53.52259826660156,-113.51300048828125
99469,3020,Edmonton School District No. 7,7514,Holyrood School,53.53099822998047,-113.4489974975586
99787,3020,Edmonton School District No. 7,7517,King Edward School,53.521400451660156,-113.49199676513672
99850,3020,Edmonton School District No. 7,7518,Laurier Heights School,53.5161018371582,-113.56700134277344
100137,3020,Edmonton School District No. 7,7520,McCauley School,53.610801696777344,-113.43099975585938
100224,3020,Edmonton School District No. 7,7521,John A. McDougall School,53.55569839477539,-113.50499725341797
100451,3020,Edmonton School District No. 7,7523,McKernan School,53.512901306152344,-113.5250015258789
100686,3020,Edmonton School District No. 7,7524,Mount Pleasant School,53.495601654052734,-113.50299835205078
100854,3020,Edmonton School District No. 7,7526,Newton School,53.589599609375,-113.45899963378906
100924,3020,Edmonton School District No. 7,7527,Oliver School,53.543800354003906,-113.52400207519531
101253,3020,Edmonton School District No. 7,7529,Parkallen School,53.50410079956055,-113.51899719238281
101331,3020,Edmonton School District No. 7,7530,Parkdale School,53.50410079956055,-113.51899719238281
101427,3020,Edmonton School District No. 7,7531,Parkview School,53.52690124511719,-113.56800079345703
102335,3020,Edmonton School District No. 7,7537,Spruce Avenue School,53.56520080566406,-113.49600219726562
102672,3020,Edmonton School District No. 7,7539,Strathearn School,53.5088996887207,-113.5
102798,3020,Edmonton School District No. 7,7542,Westglen School,53.5547981262207,-113.54199981689453
104659,3020,Edmonton School District No. 7,7567,Horse Hill School,53.656700134277344,-113.34300231933594
104699,3020,Edmonton School District No. 7,7569,Winterburn School,53.534400939941406,-113.68800354003906
105885,3020,Edmonton School District No. 7,7575,Major General Griesbach School,53.60749816894531,-113.49700164794922
106244,3020,Edmonton School District No. 7,7730,Alberta School for the Deaf,53.4995002746582,-113.52400207519531
106292,3020,Edmonton School District No. 7,7772,Tevie Miller Heritage School Program,53.4995002746582,-113.52400207519531
106356,3020,Edmonton School District No. 7,7905,Edmonton Christian High School,53.5547981262207,-113.56800079345703
106769,3020,Edmonton School District No. 7,7909,Millwoods Christian School,53.47529983520508,-113.46199798583984
106984,3020,Edmonton School District No. 7,7911,Talmud Torah School,53.499900817871094,-113.62200164794922
107076,3020,Edmonton School District No. 7,7931,Meadowlark Christian School,53.53689956665039,-113.59300231933594
107418,3030,Calgary School District No. 19,387,The Hamptons School,51.14243,-114.14885
107514,3030,Calgary School District No. 19,535,Hidden Valley School,51.15062,-114.11986
107706,3030,Calgary School District No. 19,536,Crossing Park School,51.11488,-113.96754
107954,3030,Calgary School District No. 19,537,Battalion Park School,51.0239,-114.18149
108071,3030,Calgary School District No. 19,538,Monterey Park School,51.07813,-113.93076
108338,3030,Calgary School District No. 19,596,Douglasdale School,50.93472,-113.98288
108431,3030,Calgary School District No. 19,597,Scenic Acres School,51.12091,-114.21519
108510,3030,Calgary School District No. 19,1038,Coventry Hills School,51.16556,-114.0514
108603,3030,Calgary School District No. 19,1053,Colonel Sanders School,51.09981,-114.07552
108753,3030,Calgary School District No. 19,1054,Piitoayis Family School,51.03466,-114.01954
108968,3030,Calgary School District No. 19,1099,Somerset School,50.89737,-114.0855
109270,3030,Calgary School District No. 19,9014,Children's Village School,51.06325,-114.04216
109491,3030,Calgary School District No. 19,9100,Richmond School,51.02992,-114.11463
109572,3030,Calgary School District No. 19,9101,Alex Ferguson School,51.03921,-114.12275
109652,3030,Calgary School District No. 19,9103,Jennie Elliott School,50.99633,-114.12714
109808,3030,Calgary School District No. 19,9104,Killarney School,51.02768,-114.1347
109920,3030,Calgary School District No. 19,9109,Altadore School,51.01384,-114.0993
110014,3030,Calgary School District No. 19,9110,Belvedere Parkway School,51.09323,-114.21141
110190,3030,Calgary School District No. 19,9111,Bowcroft School,51.08748,-114.19256
110335,3030,Calgary School District No. 19,9114,Connaught School,51.04169,-114.08725
110399,3030,Calgary School District No. 19,9118,Earl Grey School,51.03081,-114.0824
110479,3030,Calgary School District No. 19,9119,Elbow Park School,51.01944,-114.08196
110561,3030,Calgary School District No. 19,9121,Glamorgan School,51.01527,-114.14539
110751,3030,Calgary School District No. 19,9122,Glenbrook School,51.02353,-114.15536
110918,3030,Calgary School District No. 19,9130,Ramsay School,51.03317,-114.0458
110975,3030,Calgary School District No. 19,9133,Rosscarrock School,51.04126,-114.14509
111038,3030,Calgary School District No. 19,9135,Sir James Lougheed School,51.13177,-113.95496
111085,3030,Calgary School District No. 19,9138,Terrace Road School,51.07443,-114.15809
111144,3030,Calgary School District No. 19,9140,Westgate School,51.04457,-114.15906
111320,3030,Calgary School District No. 19,9141,Wildwood School,51.05162,-114.15214
111464,3030,Calgary School District No. 19,9142,William Reid School,51.022,-114.09025
111534,3030,Calgary School District No. 19,9143,Glendale School,51.03224,-114.14547
111637,3030,Calgary School District No. 19,9202,Banff Trail School,51.08144,-114.11678
111781,3030,Calgary School District No. 19,9203,Belfast School,51.0631,-114.01863
111869,3030,Calgary School District No. 19,9204,Brentwood School,51.09026,-114.12328
112078,3030,Calgary School District No. 19,9205,Briar Hill School,51.0631,-114.11144
112163,3030,Calgary School District No. 19,9207,Buchanan School,51.08545,-114.06284
112229,3030,Calgary School District No. 19,9208,Cambrian Heights School,51.08548,-114.08845
112335,3030,Calgary School District No. 19,9209,Capitol Hill School,51.07188,-114.10366
112409,3030,Calgary School District No. 19,9210,Captain John Palliser School,51.09643,-114.13642
112488,3030,Calgary School District No. 19,9212,Collingwood School,51.08592,-114.10352
112687,3030,Calgary School District No. 19,9214,Dr. E. W. Coffin School,51.10433,-114.13495
112764,3030,Calgary School District No. 19,9216,Greenview School,50.98429,-114.06018
112884,3030,Calgary School District No. 19,9217,Highwood School,51.09228,-114.07679
112958,3030,Calgary School District No. 19,9218,Hillhurst School,51.05739,-114.09249
113083,3030,Calgary School District No. 19,9219,Huntington Hills School,51.11218,-114.0776
113199,3030,Calgary School District No. 19,9223,Mayland Heights School,51.05896,-114.00723
113364,3030,Calgary School District No. 19,9224,Mount View School,51.06977,-114.05193
113434,3030,Calgary School District No. 19,9225,North Haven School,51.09754,-114.08668
113560,3030,Calgary School District No. 19,9227,Queen Elizabeth School,51.05531,-114.10217
113640,3030,Calgary School District No. 19,9231,Rosemont School,51.07791,-114.0924
113712,3030,Calgary School District No. 19,9232,Catherine Nichols Gunn School,51.11208,-114.05711
113816,3030,Calgary School District No. 19,9233,Stanley Jones School,51.05991,-114.04775
113979,3030,Calgary School District No. 19,9234,Sunnyside School,51.05669,-114.07937
114019,3030,Calgary School District No. 19,9235,Thorncliffe School,51.10215,-114.06687
114092,3030,Calgary School District No. 19,9237,University School,51.07025,-114.13397
114239,3030,Calgary School District No. 19,9238,Varsity Acres School,51.09133,-114.14819
114425,3030,Calgary School District No. 19,9239,Vista Heights School,51.07212,-114.0164
114485,3030,Calgary School District No. 19,9240,Dalhousie School,51.10653,-114.1514
114701,3030,Calgary School District No. 19,9241,Marion Carson School,51.0929,-114.16149
114905,3030,Calgary School District No. 19,9242,Dr. J. K. Mulloy School,51.11904,-114.08106
115067,3030,Calgary School District No. 19,9243,Jerry Potts School,51.10494,-113.94541
115211,3030,Calgary School District No. 19,9250,Roland Michener School,51.05704,-113.94745
115320,3030,Calgary School District No. 19,9256,Silver Springs School,51.10394,-114.19193
115408,3030,Calgary School District No. 19,9257,W.O. Mitchell School,51.11382,-114.19401
115528,3030,Calgary School District No. 19,9261,Alex Munro School,51.12066,-114.06147
115645,3030,Calgary School District No. 19,9265,Deer Run School,50.92181,-114.00991
115764,3030,Calgary School District No. 19,9266,Woodbine School,50.93686,-114.12852
115933,3030,Calgary School District No. 19,9267,Sundance School,50.90062,-114.04707
116111,3030,Calgary School District No. 19,9269,Erin Woods School,51.02274,-113.96583
116281,3030,Calgary School District No. 19,9270,Janet Johnstone School,50.90925,-114.07916
116497,3030,Calgary School District No. 19,9271,O.S. Geiger School,51.10493,-113.96111
116656,3030,Calgary School District No. 19,9273,Hawkwood School,51.1304,-114.17945
116899,3030,Calgary School District No. 19,9300,Acadia School,50.96771,-114.05293
117063,3030,Calgary School District No. 19,9301,Albert Park School,51.01944,-114.08196
117117,3030,Calgary School District No. 19,9305,Braeside School,50.95705,-114.10273
117250,3030,Calgary School District No. 19,9306,Chinook Park School,50.98631,-114.08978
117459,3030,Calgary School District No. 19,9308,David D. Oughton School,50.96946,-114.05468
117586,3030,Calgary School District No. 19,9310,Ethel M. Johnson School,50.95555,-114.08913
117694,3030,Calgary School District No. 19,9311,Eugene Coste School,50.9678,-114.08733
117856,3030,Calgary School District No. 19,9316,Haysboro School,50.97538,-114.08905
117923,3030,Calgary School District No. 19,9318,Keeler School,51.04992,-113.965
118093,3030,Calgary School District No. 19,9319,Kingsland School,51.02768,-114.1347
118197,3030,Calgary School District No. 19,9320,Le Roi Daniels School,50.98406,-114.0576
118324,3030,Calgary School District No. 19,9321,Maple Ridge School,50.96216,-114.04218
118447,3030,Calgary School District No. 19,9322,Marlborough School,51.05597,-113.96571
118575,3030,Calgary School District No. 19,9326,Ogden Elementary School,51.04992,-113.965
118655,3030,Calgary School District No. 19,9327,Patrick Airlie School,51.0398,-113.97671
118715,3030,Calgary School District No. 19,9330,Valley View School,51.02984,-113.97488
118827,3030,Calgary School District No. 19,9331,Willow Park School,50.95792,-114.06071
119105,3030,Calgary School District No. 19,9332,Windsor Park School,50.95792,-114.06071
119144,3030,Calgary School District No. 19,9333,Nellie McClung School,50.96874,-114.11282
119318,3030,Calgary School District No. 19,9334,Lake Bonavista School,50.94457,-114.04101
119432,3030,Calgary School District No. 19,9335,Fred Seymour Elementary School,51.07791,-114.0924
119529,3030,Calgary School District No. 19,9336,Andrew Sibbald School,50.93588,-114.04337
119644,3030,Calgary School District No. 19,9338,Cedarbrae School,50.95895,-114.13252
119736,3030,Calgary School District No. 19,9339,Chris Akkerman School,51.06343,-113.96337
119920,3030,Calgary School District No. 19,9340,Queensland Downs School,51.03535,-114.15879
120037,3030,Calgary School District No. 19,9341,Prince of Wales School,50.92495,-114.03372
120180,3030,Calgary School District No. 19,9343,Guy Weadick School,51.08699,-113.95292
120315,3030,Calgary School District No. 19,9344,West Dalhousie School,51.11099,-114.17024
120620,3030,Calgary School District No. 19,9347,Douglas Harkness School,51.07395,-113.94616
120731,3030,Calgary School District No. 19,9348,Colonel J. Fred Scott School,51.08783,-113.96779
121133,3030,Calgary School District No. 19,9353,Cappy Smart School,51.06387,-113.94472
121221,3030,Calgary School District No. 19,9354,Sam Livingston School,50.94597,-114.0602
121456,3030,Calgary School District No. 19,9355,Canyon Meadows School,50.94757,-114.07889
121599,3030,Calgary School District No. 19,9356,Penbrooke Meadows School,51.04157,-113.95224
121695,3030,Calgary School District No. 19,9357,West Dover School,51.0262,-113.99075
121833,3030,Calgary School District No. 19,9358,Rundle School,51.0713,-113.97396
121995,3030,Calgary School District No. 19,9359,Harold W Riley Elementary,51.08757,-114.18936
122075,3030,Calgary School District No. 19,9360,Pineridge School,51.07034,-113.94528
122219,3030,Calgary School District No. 19,9361,Chief Justice Milvain School,51.0839,-113.97188
122362,3030,Calgary School District No. 19,9362,Haultain Memorial School,50.93973,-114.02369
122418,3030,Calgary School District No. 19,9363,Midnapore School,50.91559,-114.05587
122608,3030,Calgary School District No. 19,9364,James Short Memorial School,51.04767,-113.94326
122742,3030,Calgary School District No. 19,9368,Sunalta School,51.04135,-114.11069
122916,3030,Calgary School District No. 19,9369,Banting and Best School,50.99407,-114.01298
122980,3030,Calgary School District No. 19,9371,Woodlands School,50.93894,-114.10699
123091,3030,Calgary School District No. 19,9372,Beddington Heights School,51.13194,-114.0793
123311,3030,Calgary School District No. 19,9373,Cecil Swanson School,51.07416,-113.96766
123468,3030,Calgary School District No. 19,9374,Ranchlands School,51.11982,-114.19358
123690,3030,Calgary School District No. 19,9375,Falconridge School,51.0993,-113.94539
123877,3030,Calgary School District No. 19,9376,Abbeydale School,51.05638,-113.92984
124029,3030,Calgary School District No. 19,9377,Annie Foote School,51.08596,-113.94037
124197,3030,Calgary School District No. 19,9378,Grant MacEwan School,51.10611,-113.94234
124447,3030,Calgary School District No. 19,9379,Edgemont School,51.12985,-114.14476
124703,3030,Calgary School District No. 19,9382,Olympic Heights School,51.0446,-114.18102
124943,3030,Calgary School District No. 19,9383,Simons Valley School,51.14035,-114.10742
125203,3030,Calgary School District No. 19,9384,Fish Creek School,50.90208,-114.03343
125412,3030,Calgary School District No. 19,9385,McKenzie Lake School,50.90689,-113.98231
125644,3030,Calgary School District No. 19,9386,Riverbend School,50.97191,-114.01785
125844,3030,Calgary School District No. 19,9387,W.H.Cushing Workplace School,51.11488,-113.96754
126016,3030,Calgary School District No. 19,9602,Colonel Walker School,51.03444,-114.0192
126385,3030,Calgary School District No. 19,9608,King George School,51.07107,-114.08404
126570,3030,Calgary School District No. 19,9609,Langevin School,51.05288,-114.04724
126758,3030,Calgary School District No. 19,9610,Rideau Park School,51.02528,-114.07532
127349,3030,Calgary School District No. 19,9618,Rosedale School,51.06374,-114.0814
128241,3030,Calgary School District No. 19,9625,Louis Riel School,50.96706,-114.1321
128467,3030,Calgary School District No. 19,9627,Elboya School,51.0106,-114.07815
149331,4010,Calgary Roman Catholic Separate School District No. 1,313,Monsignor J. S. Smith School,50.9407,-113.991
149689,4010,Calgary Roman Catholic Separate School District No. 1,333,Ascension of Our Lord,51.1466,-114.061
150167,4010,Calgary Roman Catholic Separate School District No. 1,389,Holy Angels School,50.9737,-114.008
150350,4010,Calgary Roman Catholic Separate School District No. 1,390,St. Ambrose School,51.134,-114.208
150827,4010,Calgary Roman Catholic Separate School District No. 1,588,St. Elizabeth Seton,51.1516,-114.111
151139,4010,Calgary Roman Catholic Separate School District No. 1,589,Monsignor J. J. O'Brien,50.9022,-114.103
151515,4010,Calgary Roman Catholic Separate School District No. 1,1029,St. Gabriel the Archangel,51.0469,-113.835
151758,4010,Calgary Roman Catholic Separate School District No. 1,1118,St. Clare,51.1648,-114.047
151912,4010,Calgary Roman Catholic Separate School District No. 1,1119,St. Brigid,51.1469,-114.188
152279,4010,Calgary Roman Catholic Separate School District No. 1,1226,Our Lady of Fatima,51.1157,-113.939
152464,4010,Calgary Roman Catholic Separate School District No. 1,5270,Our Lady Queen of Peace Elementary School,51.2928,-114.039
152698,4010,Calgary Roman Catholic Separate School District No. 1,5280,Holy Spirit Catholic School,51.19,-114.465
152828,4010,Calgary Roman Catholic Separate School District No. 1,8501,Corpus Christi School,51.1019,-114.068
152899,4010,Calgary Roman Catholic Separate School District No. 1,8502,St. Hubert Elementary School,51.1178,-114.061
153003,4010,Calgary Roman Catholic Separate School District No. 1,8503,Holy Family School,51.0458,-113.988
153075,4010,Calgary Roman Catholic Separate School District No. 1,8504,Holy Name (Bilingual) School,51.0283,-114.138
153189,4010,Calgary Roman Catholic Separate School District No. 1,8505,Holy Redeemer (Bilingual) School,51.0458,-113.988
153310,4010,Calgary Roman Catholic Separate School District No. 1,8506,Holy Trinity School,51.039,-113.974
153383,4010,Calgary Roman Catholic Separate School District No. 1,8507,St. Patrick School,51.0715,-113.947
153476,4010,Calgary Roman Catholic Separate School District No. 1,8508,St. Andrew School,51.0168,-114.148
153579,4010,Calgary Roman Catholic Separate School District No. 1,8510,St. Angela Elementary,51.0543,-114.048
153632,4010,Calgary Roman Catholic Separate School District No. 1,8511,St. Benedict School,50.962,-114.106
153738,4010,Calgary Roman Catholic Separate School District No. 1,8513,St. Cecilia (Bilingual) Elementary School,50.965,-114.051
153959,4010,Calgary Roman Catholic Separate School District No. 1,8516,St. Clement School,51.1648,-114.047
154033,4010,Calgary Roman Catholic Separate School District No. 1,8517,St. Gerard Bilingual School,50.9683,-114.089
154213,4010,Calgary Roman Catholic Separate School District No. 1,8521,St. Luke Bilingual Elementary School,50.9319,-114.048
154387,4010,Calgary Roman Catholic Separate School District No. 1,8524,Ecole St. Pius X School,51.0725,-114.105
154493,4010,Calgary Roman Catholic Separate School District No. 1,8527,St. Thomas Aquinas School,51.0305,-114.152
154563,4010,Calgary Roman Catholic Separate School District No. 1,8528,St. Vincent De Paul Elementary Junior High School,51.0933,-114.159
154824,4010,Calgary Roman Catholic Separate School District No. 1,8529,St. William School,50.9537,-114.06
154917,4010,Calgary Roman Catholic Separate School District No. 1,8530,St. Monica School,51.0371,-114.068
155049,4010,Calgary Roman Catholic Separate School District No. 1,8531,St. Dominic School,51.1093,-114.155
155205,4010,Calgary Roman Catholic Separate School District No. 1,8532,St. Boniface Elementary School,50.9435,-114.042
155337,4010,Calgary Roman Catholic Separate School District No. 1,8533,St. Catherine Elementary School,50.9443,-114.087
155391,4010,Calgary Roman Catholic Separate School District No. 1,8534,St. Henry Elementary School,51.1106,-114.067
155458,4010,Calgary Roman Catholic Separate School District No. 1,8536,St. Mark Elementary School,51.0561,-113.946
155533,4010,Calgary Roman Catholic Separate School District No. 1,8537,St. Sylvester School,51.1087,-114.194
155627,4010,Calgary Roman Catholic Separate School District No. 1,8541,St. Wilfrid Elementary School,51.0925,-113.969
155802,4010,Calgary Roman Catholic Separate School District No. 1,8542,St. Teresa of Calcutta School,50.9147,-114.052
155900,4010,Calgary Roman Catholic Separate School District No. 1,8543,St. Peter Elementary School,51.0462,-113.95
155984,4010,Calgary Roman Catholic Separate School District No. 1,8544,St. Thomas More School,51.0849,-113.947
156097,4010,Calgary Roman Catholic Separate School District No. 1,8545,St. Bede Elementary School,51.1106,-114.067
156206,4010,Calgary Roman Catholic Separate School District No. 1,8546,St. Jude School,50.9427,-114.134
156317,4010,Calgary Roman Catholic Separate School District No. 1,8547,St. Rita School,51.1202,-114.182
156386,4010,Calgary Roman Catholic Separate School District No. 1,8548,St. Rupert School,51.0773,-113.97
156479,4010,Calgary Roman Catholic Separate School District No. 1,8549,St. John Paul II School,51.1081,-113.957
156607,4010,Calgary Roman Catholic Separate School District No. 1,8550,St. Damien School,51.0216,-113.992
156719,4010,Calgary Roman Catholic Separate School District No. 1,8551,Father Doucet School,50.9099,-114.085
156877,4010,Calgary Roman Catholic Separate School District No. 1,8552,St. Kateri Tekakwitha School,51.0618,-113.927
157010,4010,Calgary Roman Catholic Separate School District No. 1,8553,Mother Mary Greene School,51.1246,-114.138
157160,4010,Calgary Roman Catholic Separate School District No. 1,8554,Monsignor Neville Anderson School,51.1396,-114.104
157354,4010,Calgary Roman Catholic Separate School District No. 1,8555,Monsignor E. L. Doyle Elementary School,51.1227,-114.217
157571,4010,Calgary Roman Catholic Separate School District No. 1,8556,St. Maria Goretti Elementary School,51.1349,-114.178
157673,4010,Calgary Roman Catholic Separate School District No. 1,8557,Monsignor A. J. Hetherington Elementary School,51.0992,-113.934
157806,4010,Calgary Roman Catholic Separate School District No. 1,8558,John Costello Catholic School,51.0478,-114.181
158048,4010,Calgary Roman Catholic Separate School District No. 1,8701,Our Lady of the Assumption School,51.0838,-114.192
158555,4010,Calgary Roman Catholic Separate School District No. 1,8704,Holy Cross Elementary Junior High School,51.0305,-113.98
158795,4010,Calgary Roman Catholic Separate School District No. 1,8705,Sacred Heart Elementary School,51.0412,-114.097
158855,4010,Calgary Roman Catholic Separate School District No. 1,8706,St. Alphonsus Elementary Junior High School,51.064,-114.041
158980,4010,Calgary Roman Catholic Separate School District No. 1,8708,St. Augustine Elementary Junior High School,51.1893,-114.467
159152,4010,Calgary Roman Catholic Separate School District No. 1,8709,St. Bernadette School,50.9905,-114.009
159580,4010,Calgary Roman Catholic Separate School District No. 1,8712,St. James Elementary Junior High School,51.037,-114.064
159740,4010,Calgary Roman Catholic Separate School District No. 1,8713,St. Joseph Elementary Junior High School,51.037,-114.064
159934,4010,Calgary Roman Catholic Separate School District No. 1,8714,St. Margaret School,51.082,-114.098
160158,4010,Calgary Roman Catholic Separate School District No. 1,8716,St. Matthew School,50.9781,-114.058
160369,4010,Calgary Roman Catholic Separate School District No. 1,8717,St. Michael School,51.045,-114.151
160624,4010,Calgary Roman Catholic Separate School District No. 1,8719,St. Stephen School,50.9554,-114.085
161216,4010,Calgary Roman Catholic Separate School District No. 1,8723,St. Cyril School,50.9559,-114.13
161393,4010,Calgary Roman Catholic Separate School District No. 1,8724,St. Philip School,50.9278,-114.038
161560,4010,Calgary Roman Catholic Separate School District No. 1,8725,St. Martha School,51.0561,-113.946
161836,4010,Calgary Roman Catholic Separate School District No. 1,8726,St. John XXIII School,51.101,-113.938
162069,4010,Calgary Roman Catholic Separate School District No. 1,8727,Don Bosco School,50.9312,-114.017
162498,4010,Calgary Roman Catholic Separate School District No. 1,8729,Father James Whelihan,50.9052,-114.047
162753,4010,Calgary Roman Catholic Separate School District No. 1,8730,Father Scollen School,51.0926,-113.942
162927,4010,Calgary Roman Catholic Separate School District No. 1,8731,Blessed Cardinal Newman,50.9076,-113.988
163314,4010,Calgary Roman Catholic Separate School District No. 1,8732,Our Lady of Peace Elementary Junior High School,50.9194,-114.089
79102,3020,Edmonton School District No. 7,349,Argyll Home School Centre,53.4995002746582,-113.52400207519531
79528,3020,Edmonton School District No. 7,1282,Edmonton Christian Northeast School,53.620201110839844,-113.43199920654297
79672,3020,Edmonton School District No. 7,1283,Edmonton Christian West School,53.555599212646484,-113.56900024414062
95239,3020,Edmonton School District No. 7,7502,Balwin School,53.59189987182617,-113.4489974975586
101149,3020,Edmonton School District No. 7,7565,Ellerslie Campus,53.427799224853516,-113.44100189208984
102626,3020,Edmonton School District No. 7,7553,Stratford Elementary/Junior High School,53.608699798583984,-113.43099975585938
108708,3030,Calgary School District No. 19,1331,Chaparral School,50.88348,-114.04533
108815,3030,Calgary School District No. 19,1332,Citadel Park School,51.14529,-114.17396
109098,3030,Calgary School District No. 19,1334,Radisson Park School,51.04668,-113.99241
109193,3030,Calgary School District No. 19,1335,Tuscany School,51.11806,-114.24518
151676,4010,Calgary Roman Catholic Separate School District No. 1,1336,St. Albert the Great,50.9222,-113.96
108483,3030,Calgary School District No. 19,9036,Emily Follensbee School,51.00745,-114.09564
120264,3030,Calgary School District No. 19,9359,Harold W Riley School,51.03081,-114.0824
150747,4010,Calgary Roman Catholic Separate School District No. 1,1337,St. Basil Elementary/Junior High School,51.037,-114.064
150910,4010,Calgary Roman Catholic Separate School District No. 1,1338,St. Joan of Arc Elementary/Junior High School,51.0567,-114.208
151089,4010,Calgary Roman Catholic Separate School District No. 1,1339,St. Sebastian Elementary School,50.8852,-114.029
151216,4010,Calgary Roman Catholic Separate School District No. 1,1340,St. Jerome Elementary School,51.1586,-114.078
151361,4010,Calgary Roman Catholic Separate School District No. 1,1373,Our Lady of Wisdom,51.0284,-113.841
108362,3030,Calgary School District No. 19,1450,Taradale School,51.12066,-113.93657
108766,3030,Calgary School District No. 19,1452,Panorama Hills School,51.15585,-114.08571
152174,4010,Calgary Roman Catholic Separate School District No. 1,1462,Good Shepherd School,51.2798,-113.985
19061,110,Edmonton Catholic Separate School District No. 7,1427,Sister Annata Brockman Catholic Elementary/Junior High School,53.49096,-113.68257
19224,110,Edmonton Catholic Separate School District No. 7,1428,Monsignor William Irwin Catholic Elementary School,53.446885,-113.576301
19324,110,Edmonton Catholic Separate School District No. 7,1429,Monsignor Fee Otterson Catholic Elementary/Junior High School,53.416875,-113.52249
81409,3020,Edmonton School District No. 7,1455,Johnny Bright School,53.41889953613281,-113.53600311279297
81664,3020,Edmonton School District No. 7,1456,Dr. Donald Massey School,53.62310028076172,-113.4209976196289
81897,3020,Edmonton School District No. 7,1457,Florence Hallock School,53.62689971923828,-113.4749984741211
82081,3020,Edmonton School District No. 7,1458,A. Blair McPherson School,53.46989822387695,-113.36299896240234
82311,3020,Edmonton School District No. 7,1459,Elizabeth Finch School,53.62089920043945,-113.55999755859375
82487,3020,Edmonton School District No. 7,1460,Esther Starkman School,53.44599914550781,-113.57499694824219
98353,3020,Edmonton School District No. 7,7512,Hardisty School,53.54819869995117,-113.42900085449219
109841,3030,Calgary School District No. 19,1463,McKenzie Towne School,50.92673,-113.96693
109928,3030,Calgary School District No. 19,1498,Bridlewood School,50.90219,-114.10942
110061,3030,Calgary School District No. 19,1499,Cranston School,50.88617,-113.98785
110159,3030,Calgary School District No. 19,1500,Evergreen School,50.91752,-114.10578
110254,3030,Calgary School District No. 19,1519,Royal Oak School,51.1456,-114.22212
110365,3030,Calgary School District No. 19,1520,Saddle Ridge School,51.13748,-113.93707
110493,3030,Calgary School District No. 19,1521,West Springs School,51.05893,-114.21669
148634,4010,Calgary Roman Catholic Separate School District No. 1,598,Our Lady of Lourdes,51.0357,-114.069
151723,4010,Calgary Roman Catholic Separate School District No. 1,1484,Christ the King Catholic School,50.8871,-113.976
152003,4010,Calgary Roman Catholic Separate School District No. 1,1485,Our Lady of the Evergreens Catholic School,50.9155,-114.123
152167,4010,Calgary Roman Catholic Separate School District No. 1,1486,Light of Christ Catholic School,51.1292,-113.942
83186,3020,Edmonton School District No. 7,1577,Bessie Nichols School,53.487300872802734,-113.6719970703125
83414,3020,Edmonton School District No. 7,1578,Michael Strembitsky School,53.413299560546875,-113.46099853515625
111370,3030,Calgary School District No. 19,1579,All Boys Alternative Program,51.02118,-114.13624
153457,4010,Calgary Roman Catholic Separate School District No. 1,1680,St. Isabella School,50.9107495,-113.9386321
161993,4010,Calgary Roman Catholic Separate School District No. 1,8722,St. Rose of Lima Junior High School,51.0753,-113.961
166348,4010,Calgary Roman Catholic Separate School District No. 1,8907,Bishop McNally High School,51.1029,-113.956
128521,3030,Calgary School District No. 19,9351,G.W. Skene School,51.04564,-113.94499
19531,110,Edmonton Catholic Separate School District No. 7,1969,St. John XXIII School,53.441593,-113.615329
19730,110,Edmonton Catholic Separate School District No. 7,1970,St. Brendan School,53.529481,-113.424949
88237,3020,Edmonton School District No. 7,1934,Dr. Margaret-Ann Armour School,53.4286003112793,-113.6050033569336
88418,3020,Edmonton School District No. 7,1935,Roberta MacAdams School,53.42020034790039,-113.51300048828125
88551,3020,Edmonton School District No. 7,1936,Nellie Carlson School,53.44300079345703,-113.55699920654297
120397,3030,Calgary School District No. 19,2029,Buffalo Rubbing Stone School,51.16893,-114.08766
120532,3030,Calgary School District No. 19,2031,Eric Harvie School,51.12818,-114.25236
120631,3030,Calgary School District No. 19,2054,Dr. Roberta Bondar School,51.05064,-114.20576
120815,3030,Calgary School District No. 19,2056,Hugh A. Bennett School,51.13221,-113.92813
121404,3030,Calgary School District No. 19,2072,New Brighton School,50.91932,-113.95432
121693,3030,Calgary School District No. 19,2085,Auburn Bay School,50.89717,-113.96148
121861,3030,Calgary School District No. 19,2086,Copperfield School,50.91435,-113.9288
122066,3030,Calgary School District No. 19,2088,Kenneth D. Taylor School,51.16597,-114.11692
122168,3030,Calgary School District No. 19,2123,Niitsitapi Learning Centre,51.02094,-113.97958
164402,4010,Calgary Roman Catholic Separate School District No. 1,2080,Prince of Peace School,50.888985,-113.9483316
164682,4010,Calgary Roman Catholic Separate School District No. 1,2081,Our Lady of the Rosary School,50.8746931,-113.9715123
164757,4010,Calgary Roman Catholic Separate School District No. 1,2082,St. Marguerite School,50.9215343,-113.9393929
164855,4010,Calgary Roman Catholic Separate School District No. 1,2083,Our Lady of Grace School,51.1759346,-114.1242425
20289,110,Edmonton Catholic Separate School District No. 7,1967,Bishop David Motiuk School,53.529277,-113.678234
20507,110,Edmonton Catholic Separate School District No. 7,1968,Father Michael Mireau School,53.420272,-113.463535
21166,110,Edmonton Catholic Separate School District No. 7,1971,St. Thomas Aquinas School,53.397826,-113.554431
21283,110,Edmonton Catholic Separate School District No. 7,1972,Christ the King School,53.631539,-113.422988
21479,110,Edmonton Catholic Separate School District No. 7,1973,Corpus Christi School,53.419848,-113.428181
90911,3020,Edmonton School District No. 7,1924,Constable Daniel Woodall School,53.43960189819336,-113.61699676513672
90994,3020,Edmonton School District No. 7,1925,Kim Hung School,53.50210189819336,-113.68299865722656
91096,3020,Edmonton School District No. 7,1926,Dr. Lila Fahlman School,53.39939880371094,-113.53600311279297
91258,3020,Edmonton School District No. 7,1927,Jan Reimer School,53.40769958496094,-113.45500183105469
91361,3020,Edmonton School District No. 7,1928,Svend Hansen School,53.445499420166016,-113.375
91557,3020,Edmonton School District No. 7,1929,Shauna May Seneca School,53.4114990234375,-113.427001953125
91698,3020,Edmonton School District No. 7,1930,David Thomas King School,53.5359992980957,-113.70800018310547
91798,3020,Edmonton School District No. 7,1931,Hilwie Hamdon School,53.6077995300293,-113.55899810791016
92632,3020,Edmonton School District No. 7,1950,Donald R. Getty School,53.40230178833008,-113.58599853515625
92766,3020,Edmonton School District No. 7,1951,Ivor Dent School,53.5635986328125,-113.39099884033203
126615,3030,Calgary School District No. 19,2145,Manmeet Singh Bhullar School,51.12278,-113.95744
126740,3030,Calgary School District No. 19,2146,Ron Southern School,50.88184,-114.08695
126792,3030,Calgary School District No. 19,2147,Griffith Woods School,51.03055,-114.19567
170764,4010,Calgary Roman Catholic Separate School District No. 1,2155,Apostles of Jesus,51.1585373,-113.9577048
170991,4010,Calgary Roman Catholic Separate School District No. 1,2156,Guardian Angel School,51.040327,-114.2170206
171110,4010,Calgary Roman Catholic Separate School District No. 1,2160,Holy Child School,50.886133,-114.082132
129383,3030,Calgary School District No. 19,9123,Glenmeadows School,51.03535,-114.15879
171837,4010,Calgary Roman Catholic Separate School District No. 1,2189,Divine Mercy School,50.9020099,-113.9282913
171858,4010,Calgary Roman Catholic Separate School District No. 1,2195,Blessed Marie-Rose,51.160255,-114.1504347
